EURMALEbirth,EURMmodeage2dp,EURFmodeage2dp,EURMmoderawage,EURFmoderawage,EURMrawMedian,EURFrawMedian,EURMrawMean,EURFrawMean,EURMIntMedian,EURFIntMedian,EURMIntMean,EURFIntMean,EURMbulkperctotal,EURFbulkperctotal,EURMperc76overTotal,EURFperc76overTotal,EURMperc60to76,EURFperc60to76,EURMperceld0,EURFperceld0,EUMMmodeage2dp,EUMFmodeage2dp,EUMMmoderawage,EUMFmoderawage,EUMMrawMedian,EUMFrawMedian,EUMMrawMean,EUMFrawMean,EUMMIntMedian,EUMFIntMedian,EUMMIntMean,EUMFIntMean,EUMMbulkperctotal,EUMFbulkperctotal,EUMMperc76overTotal,EUMFperc76overTotal,EUMMperc60to76,EUMFperc60to76,EUMMperceld0,EUMFperceld0,DENMmodeage2dp,DENFmodeage2dp,DENMmoderawage,DENFmoderawage,DENMrawMedian,DENFrawMedian,DENMrawMean,DENFrawMean,DENMIntMedian,DENFIntMedian,DENMIntMean,DENFIntMean,DENMbulkperctotal,DENFbulkperctotal,DENMperc76overTotal,DENFperc76overTotal,DENMperc60to76,DENFperc60to76,DENMperceld0,DENFperceld0,FINMmodeage2dp,FINFmodeage2dp,FINMmoderawage,FINFmoderawage,FINMrawMedian,FINFrawMedian,FINMrawMean,FINFrawMean,FINMIntMedian,FINFIntMedian,FINMIntMean,FINFIntMean,FINMbulkperctotal,FINFbulkperctotal,FINMperc76overTotal,FINFperc76overTotal,FINMperc60to76,FINFperc60to76,FINMperceld0,FINFperceld0,FRAMmodeage2dp,FRAFmodeage2dp,FRAMmoderawage,FRAFmoderawage,FRAMrawMedian,FRAFrawMedian,FRAMrawMean,FRAFrawMean,FRAMIntMedian,FRAFIntMedian,FRAMIntMean,FRAFIntMean,FRAMbulkperctotal,FRAFbulkperctotal,FRAMperc76overTotal,FRAFperc76overTotal,FRAMperc60to76,FRAFperc60to76,FRAMperceld0,FRAFperceld0,ICEMmodeage2dp,ICEFmodeage2dp,ICEMmoderawage,ICEFmoderawage,ICEMrawMedian,ICEFrawMedian,ICEMrawMean,ICEFrawMean,ICEMIntMedian,ICEFIntMedian,ICEMIntMean,ICEFIntMean,ICEMbulkperctotal,ICEFbulkperctotal,ICEMperc76overTotal,ICEFperc76overTotal,ICEMperc60to76,ICEFperc60to76,ICEMperceld0,ICEFperceld0,ITAMmodeage2dp,ITAFmodeage2dp,ITAMmoderawage,ITAFmoderawage,ITAMrawMedian,ITAFrawMedian,ITAMrawMean,ITAFrawMean,ITAMIntMedian,ITAFIntMedian,ITAMIntMean,ITAFIntMean,ITAMbulkperctotal,ITAFbulkperctotal,ITAMperc76overTotal,ITAFperc76overTotal,ITAMperc60to76,ITAFperc60to76,ITAMperceld0,ITAFperceld0,NETMmodeage2dp,NETFmodeage2dp,NETMmoderawage,NETFmoderawage,NETMrawMedian,NETFrawMedian,NETMrawMean,NETFrawMean,NETMIntMedian,NETFIntMedian,NETMIntMean,NETFIntMean,NETMbulkperctotal,NETFbulkperctotal,NETMperc76overTotal,NETFperc76overTotal,NETMperc60to76,NETFperc60to76,NETMperceld0,NETFperceld0,NORMmodeage2dp,NORFmodeage2dp,NORMmoderawage,NORFmoderawage,NORMrawMedian,NORFrawMedian,NORMrawMean,NORFrawMean,NORMIntMedian,NORFIntMedian,NORMIntMean,NORFIntMean,NORMbulkperctotal,NORFbulkperctotal,NORMperc76overTotal,NORFperc76overTotal,NORMperc60to76,NORFperc60to76,NORMperceld0,NORFperceld0,SWEMmodeage2dp,SWEFmodeage2dp,SWEMmoderawage,SWEFmoderawage,SWEMrawMedian,SWEFrawMedian,SWEMrawMean,SWEFrawMean,SWEMIntMedian,SWEFIntMedian,SWEMIntMean,SWEFIntMean,SWEMbulkperctotal,SWEFbulkperctotal,SWEMperc76overTotal,SWEFperc76overTotal,SWEMperc60to76,SWEFperc60to76,SWEMperceld0,SWEFperceld0,SWIMmodeage2dp,SWIFmodeage2dp,SWIMmoderawage,SWIFmoderawage,SWIMrawMedian,SWIFrawMedian,SWIMrawMean,SWIFrawMean,SWIMIntMedian,SWIFIntMedian,SWIMIntMean,SWIFIntMean,SWIMbulkperctotal,SWIFbulkperctotal,SWIMperc76overTotal,SWIFperc76overTotal,SWIMperc60to76,SWIFperc60to76,SWIMperceld0,SWIFperceld0
1880,77.64161,81.1386,75.5,82.5,76,78,75.58561517,77.76628416,76.3,78.75,76.28,78.41,39.3213852,46.81942694,18.32750522,26.39139568,20.99388158,20.42803126,0.463450442,1.187043106,79.17481,80.96873,79.5,82.5,77,78,76.36033111,77.85932764,77.16,78.81,77.02,78.48,48.7127785,53.07364251,24.49242437,30.20321359,24.22036451,22.87043256,0.719927379,1.37730714,79.81611,80.95423,79.5,80.5,77,78,76.84149434,77.7874424,77.68,78.77,77.46,78.4,55.28651825,56.89368975,29.00945637,32.38302956,26.27721764,24.51082406,0.909655904,1.559988267,71.00585,78.55902,69.5,77.5,73,76,73.21448387,76.22517118,73.33,77,73.89,76.84,35.70991908,45.3166979,12.56570477,22.55273905,23.14444894,22.76406869,0.117312481,0.524479749,75.33809,81.44814,72.5,82.5,74,78,74.55656498,77.85651053,75.08,78.89,75.3,78.52,36.9052155,50.84173329,15.34645324,28.78902589,21.55877079,22.05270962,0.347213312,1.40211467,82.52691,80.36282,80.5,80.5,79,80,77.91846523,78.82730924,79.5,80.14,78.58,79.44,36.32087797,44.38186226,21.26121418,27.36703265,15.06837384,17.02195922,0.696803414,1.425923285,79.01646,80.77576,80.5,82.5,76,78,75.97312895,77.57824205,76.78,78.51,76.64,78.2,36.1207473,39.21178278,17.55127848,21.80686903,18.56947895,17.40491806,0.424220649,0.86617561,79.662,81.14977,82.5,80.5,77,78,76.92387121,78.01440844,77.87,79.03,77.63,78.66,49.1592906,51.6621885,25.9692899,29.66251462,23.19005399,21.99968793,0.895307152,1.435372897,82.91011,82.91003,82.5,83.5,78,80,77.60043155,79.14617899,78.77,80.39,78.25,79.77,51.61991598,56.30679127,29.35308193,35.56305402,22.26696509,20.74387616,0.950039705,1.819821046,79.60122,80.79299,81.5,81.5,77,78,76.81496193,78.11937071,77.65,79,77.44,78.72,52.88861688,56.29458836,27.84202276,32.55727534,25.04666707,23.73734346,0.781978888,1.626720954,76.49046,80.50358,76.5,82.5,75,78,75.20858159,77.4658715,75.64,78.31,75.85,78.08,46.24978031,52.36917892,20.49798692,28.85521507,25.75195548,23.51403705,0.541853932,1.185827748
1881,77.10735,80.52548,76.5,81.5,76,78,75.56467296,77.74837485,76.24,78.64,76.26,78.38,37.70067805,45.57145479,17.43228082,25.52205454,20.26839874,20.04940025,0.429070218,1.152167147,78.99317,80.52059,78.5,81.5,77,78,76.37894862,77.94997585,77.18,78.85,77.03,78.56,49.77750083,53.95497344,25.05997476,30.82381351,24.71753303,23.1311636,0.712333861,1.395592929,79.41175,80.12807,79.5,79.5,77,78,76.72441075,77.8087118,77.53,78.66,77.34,78.41,55.31200028,56.86436653,28.76388118,32.1301432,26.54830144,24.73435134,0.838751282,1.568098351,72.68056,78.49004,74.5,78.5,73,76,73.32687244,76.21975493,73.51,76.99,74.02,76.83,36.73087675,45.65900107,13.00595963,22.80541717,23.7251589,22.85364071,0.163881179,0.460083235,74.69582,81.10029,74.5,81.5,74,78,74.6513716,77.98568283,75.13,78.98,75.38,78.64,34.441206,49.64907362,14.40288574,28.34968215,20.03833067,21.29939146,0.317982857,1.42035373,79.70141,79.78095,79.5,79.5,78,80,77.29682997,79.00477327,78.41,80.21,77.98,79.64,29.15745868,37.01151862,15.97274156,22.97364144,13.19227958,14.04494382,0.756245326,1.3249947,77.39756,79.65718,76.5,81.5,76,78,75.74641359,77.32567966,76.48,78.1,76.46,77.96,34.27692464,37.66043986,16.10753708,20.30265731,18.16939654,17.35778828,0.379340707,0.791644281,79.73792,80.63551,81.5,81.5,77,78,76.93161759,78.10339209,77.87,79.01,77.61,78.74,50.52425831,52.90600804,26.82961451,30.33053113,23.69467059,22.57549104,0.898560188,1.567114394,81.11477,82.56207,81.5,82.5,78,80,77.77559982,79.36458984,78.85,80.55,78.42,79.97,52.85578676,57.11121641,30.39236331,36.73483431,22.46362528,20.37648906,1.025966713,1.864725071,82.49494,80.39634,82.5,80.5,77,79,76.81808996,78.21615033,77.65,79.05,77.46,78.8,53.54062358,56.67818074,28.01398311,33.00836829,25.5267282,23.66985903,0.754484577,1.527688658,76.90922,80.86994,78.5,81.5,75,78,75.24139911,77.58626296,75.78,78.47,75.89,78.19,48.01050125,54.6795255,21.49562854,30.30499046,26.51501055,24.37463116,0.487019774,1.239876743
1882,78.40014,80.89682,80.5,80.5,76,78,75.72461626,77.92793971,76.44,78.89,76.43,78.58,38.98422414,47.45298311,18.39784212,27.03754548,20.58638354,20.41543763,0.468088334,1.282093357,79.07236,80.7454,80.5,80.5,77,78,76.40958324,78.01602946,77.18,78.95,77.06,78.64,50.10988441,54.33627038,25.28278205,31.1903168,24.82710922,23.14595357,0.768700596,1.533534765,79.96814,80.52598,80.5,80.5,77,78,76.98105401,77.89674573,77.86,78.8,77.59,78.54,55.12429677,57.10412479,29.46202792,32.44830864,25.66244891,24.65587914,0.948349182,1.738636342,68.56557,79.71698,70.5,79.5,73,77,73.16695604,76.3811473,73.22,77.22,73.85,77,36.86465814,46.87959471,12.87815461,23.81964505,23.98673395,23.06005777,0.192016762,0.643259933,75.07851,81.49537,73.5,80.5,75,79,74.76598106,78.15317056,75.27,79.23,75.49,78.82,34.11407055,50.34138086,14.49850927,29.16521119,19.61556965,21.17617186,0.327818754,1.508243839,78.98574,79.41172,79.5,79.5,77,79,76.57909605,78.68160377,77.44,79.88,77.21,79.35,29.97129867,37.88758824,15.41913253,22.97381825,14.56232591,14.92270575,0.338658742,1.251005272,79.39277,80.35431,80.5,80.5,76,78,76.00070248,77.6218445,76.82,78.5,76.72,78.26,37.30402873,41.19817602,18.13377967,22.92242081,19.17025823,18.27576297,0.429915169,0.947258465,79.23824,80.49822,80.5,80.5,77,79,76.95877186,78.21844383,77.83,79.23,77.67,78.85,51.04570428,53.33793415,26.93004356,30.98915726,24.11569994,22.34879072,1.006509239,1.639593331,80.88257,81.19906,80.5,81.5,78,80,77.773,79.16175387,78.89,80.36,78.41,79.78,52.90300268,57.08270367,30.37964848,36.09219046,22.52345339,20.99061837,0.968786236,1.840359827,79.25284,80.47723,80.5,79.5,77,79,76.81891462,78.23400886,77.64,79.02,77.45,78.82,53.81643594,56.98573529,28.22057122,33.0610724,25.59592276,23.92467818,0.786361531,1.783528851,77.88017,80.83462,80.5,80.5,75,78,75.34102552,77.81643254,75.9,78.72,76.01,78.43,49.21296252,55.00506596,22.31528764,31.04179928,26.89783981,23.96331637,0.56547666,1.383884626
1883,78.13782,80.76344,79.5,79.5,76,78,75.79817191,78.05694917,76.49,79.02,76.49,78.71,39.17004005,47.88038511,18.60699841,27.56745573,20.56304315,20.31292939,0.494025224,1.33265803,78.84609,80.59404,78.5,80.5,77,79,76.46379088,78.19814231,77.25,79.13,77.13,78.83,50.54866012,54.9862466,25.63695312,31.97501769,24.91171735,23.0112289,0.792535722,1.697833748,78.57999,80.24382,80.5,80.5,77,78,76.81544995,78.12162087,77.54,79.02,77.43,78.78,56.07903762,57.55032099,29.26359861,33.20457055,26.8155596,24.34587823,0.880285936,1.811325673,72.27739,78.60301,74.5,78.5,73,77,73.37277904,76.53114994,73.51,77.27,74.03,77.16,37.40369069,47.59873844,13.37390425,24.25006117,24.03001738,23.34881097,0.187313536,0.74068033,75.7464,81.30699,79.5,79.5,75,79,74.86190098,78.26128277,75.34,79.33,75.58,78.93,33.80461818,50.14848727,14.4619429,29.27788643,19.34268153,20.87060083,0.362053292,1.562011735,78.58026,84.60916,78.5,84.5,78,79,77.86639676,78.86317907,78.85,80.02,78.51,79.48,44.26126691,50.09525153,25.63390377,31.25762264,18.63632291,18.84871637,1.164770182,1.612724395,78.40567,80.27196,79.5,79.5,76,78,76.05968934,77.74608477,76.82,78.63,76.74,78.38,37.86517191,42.13878201,18.52443552,23.73931119,19.34074364,18.39947082,0.452319602,0.938558185,79.58754,82.23289,79.5,82.5,77,79,77.03235747,78.41218883,78,79.46,77.78,79.05,50.82018909,53.35634462,27.16538255,31.51652373,23.65485963,21.83984897,0.982135226,1.788747514,79.52535,80.49556,80.5,80.5,78,80,77.80700587,79.50353315,78.8,80.63,78.44,80.12,54.03035951,58.854884,31.06054316,37.90813204,22.97001248,20.94682127,1.12120596,2.145281663,79.02257,80.44279,78.5,78.5,77,79,76.88282495,78.42316753,77.72,79.23,77.52,79.03,54.12203654,57.92033527,28.54891001,34.04766449,25.57318502,23.8727173,0.894893318,1.990943687,77.37666,80.56313,76.5,79.5,75,78,75.43241307,77.8346396,76.02,78.76,76.11,78.46,49.70436397,55.39435571,22.72984648,31.4478222,26.9746362,23.94658371,0.534174718,1.545912342
1884,78.2099,81.02558,78.5,78.5,76,79,75.91868583,78.25426934,76.61,79.23,76.59,78.89,39.45082899,48.33163311,18.99146509,28.30356137,20.45936391,20.02807173,0.503472963,1.419164351,78.94315,81.51836,78.5,81.5,77,79,76.56100157,78.3814196,77.39,79.34,77.24,79.02,50.97358062,55.21575123,26.15343128,32.60601506,24.82015269,22.60973617,0.835934437,1.768620126,79.04885,80.1985,79.5,80.5,77,79,76.93337991,78.25806101,77.76,79.11,77.57,78.88,57.05207685,58.85429329,30.29847071,34.31526055,26.7537485,24.53912858,0.976538867,1.85616895,72.35693,78.92975,69.5,77.5,73,77,73.337267,76.62498582,73.52,77.43,74.03,77.24,37.2551307,47.13837491,13.47187393,24.37962732,23.78343163,22.75885456,0.237309737,0.780914869,77.41197,81.80742,78.5,83.5,75,79,75.066404,78.58958817,75.58,79.69,75.78,79.24,33.72809862,50.14728055,14.78886701,30.06271442,18.93923787,20.08456613,0.35944206,1.66794135,81.45632,84.00591,81.5,83.5,79,81,78.57545605,80.40328467,79.84,81.91,79.2,80.99,49.83059251,55.57527509,30.33633584,37.62993763,19.50252045,17.95040819,1.322204776,3.853759951,78.22215,80.40593,78.5,78.5,76,78,76.0989555,77.82527156,76.8,78.71,76.74,78.45,38.25175663,43.1048399,18.77854707,24.48802751,19.47321815,18.61681431,0.451997574,1.015871653,79.34732,84.20062,78.5,84.5,78,79,77.16667084,78.64535884,78.1,79.72,77.9,79.31,51.45883512,53.88318691,27.88552537,32.30972034,23.5733355,21.57349465,1.033940813,1.790302374,80.93443,79.68281,80.5,79.5,78,80,77.75675187,79.46408244,78.73,80.51,78.39,80.08,52.82795818,57.84838393,30.03193627,37.19892656,22.7961493,20.64949203,1.111463552,2.193878559,79.30467,80.90639,80.5,82.5,77,79,77.00083944,78.69998934,77.82,79.56,77.63,79.31,55.12210587,58.17723326,29.36849209,34.9959889,25.75365584,23.18127537,0.91842133,2.12881353,77.50328,80.87013,77.5,78.5,76,78,75.50875589,78.01448491,76.11,78.97,76.16,78.64,49.67019953,55.60540412,23.08359557,32.18755238,26.58667565,23.41795211,0.563945304,1.638478809
1885,78.05156,81.38202,77.5,82.5,76,79,76.0364246,78.48158037,76.68,79.47,76.67,79.08,39.78515313,49.15514557,19.29595008,29.25496634,20.48920379,19.90017923,0.517069516,1.523184104,78.68793,81.26102,78.5,80.5,77,79,76.64840548,78.55563393,77.47,79.52,77.3,79.17,51.71921072,55.80850196,26.63375028,33.31746702,25.08546722,22.49103494,0.828234536,1.86995827,79.4131,80.63103,79.5,80.5,77,79,76.93319173,78.56055561,77.77,79.44,77.55,79.19,57.20845978,58.43617121,30.26661115,34.75711839,26.94205115,23.67908321,0.963456082,2.085486081,73.54051,79.09698,76.5,79.5,73,77,73.42505593,76.79755722,73.68,77.57,74.15,77.41,38.26251703,47.90163447,13.88534318,25.01580226,24.37740729,22.88594156,0.223074806,0.740901943,77.09027,82.21793,77.5,82.5,75,79,75.20679072,78.76639423,75.66,79.84,75.86,79.37,35.09557268,52.20909557,15.56442653,31.6492827,19.53115037,20.55981509,0.389126367,1.838359386,82.63779,83.17407,80.5,83.5,79,81,77.96078431,80.11022364,79.13,81.61,78.6,80.71,49.03374676,56.59677959,28.32856981,37.88819876,20.71479141,18.71490954,1.048850198,3.52599745,78.17813,80.82452,77.5,82.5,76,79,76.24175335,78.14920358,76.9,79.07,76.84,78.73,37.55395539,43.23150187,18.61717953,25.20123808,18.93678103,18.03026929,0.463550334,1.086132108,79.79337,81.34887,78.5,81.5,78,79,77.38298345,78.85038704,78.22,79.99,77.98,79.5,52.31590511,55.00307276,28.75269859,33.39723001,23.56325815,21.60585644,1.042781936,1.990553496,81.56232,83.498,81.5,83.5,78,80,77.79739972,79.59717193,78.83,80.61,78.42,80.2,54.4351889,58.5303916,31.34031736,38.08166196,23.09496674,20.44879693,0.990192335,2.230594334,78.94638,81.20126,78.5,83.5,77,79,77.00188295,78.70217596,77.76,79.62,77.62,79.31,55.72884753,58.68939445,29.51364315,35.27114183,26.21524693,23.4182676,0.920305905,2.125939137,77.10572,81.19567,77.5,81.5,76,79,75.56198913,78.27980725,76.06,79.24,76.21,78.89,49.72494422,55.48904849,22.94592853,32.641541,26.7790887,22.84753295,0.588979321,1.752017685
1886,78.13499,81.46256,76.5,81.5,76,79,76.08111883,78.60392298,76.74,79.6,76.73,79.21,39.59664255,49.31210108,19.19386165,29.47308992,20.40278241,19.83901117,0.535301082,1.574552425,78.67372,80.85321,79.5,81.5,77,79,76.69650624,78.63407594,77.42,79.53,77.33,79.25,51.71595108,56.50265041,26.61679794,33.75796178,25.09915984,22.74468863,0.896721334,1.936840033,78.75937,79.8531,79.5,80.5,77,79,76.98727606,78.50483429,77.73,79.2,77.6,79.04,56.46617935,58.14563496,30.01504481,34.11604415,26.45127823,24.029681,0.954131288,1.987191185,72.66048,78.51171,75.5,76.5,73,77,73.43139799,76.85689391,73.63,77.52,74.13,77.45,38.33426133,49.36647616,13.98851141,25.69090126,24.345924,23.67567917,0.285983785,0.925442205,76.68465,82.38422,76.5,81.5,75,79,75.19535351,78.8858049,75.66,79.96,75.86,79.49,34.21068658,51.38579642,15.06186375,31.21831156,19.14883356,20.16748487,0.387947381,1.86576173,81.45966,82.25868,81.5,82.5,79,81,77.89443378,79.72869565,79.19,81.16,78.55,80.37,47.44515577,55.39018775,27.23861908,35.94004373,20.2165539,19.45881378,1.365983371,3.178915123,78.54889,81.16649,76.5,81.5,76,79,76.29973003,78.30119745,77.01,79.3,76.93,78.9,37.60697614,43.67607057,18.66854188,25.68222973,18.93843962,17.99384273,0.465091313,1.131865861,79.40435,83.51575,79.5,83.5,78,79,77.46559437,79.02659021,78.2,80.05,78.02,79.65,51.96638705,55.38788607,28.6146548,34.08692806,23.35178306,21.3009714,1.072126688,2.169630242,80.37975,82.6423,80.5,82.5,78,80,77.76730915,79.59355545,78.65,80.66,78.39,80.21,55.19548871,59.1052713,31.2121441,38.12480793,23.98350531,20.98053151,1.243851053,2.183910474,79.03864,81.17646,79.5,81.5,77,79,77.05391582,78.90032385,77.84,79.75,77.69,79.49,55.92745798,59.29752711,29.683581,35.87669703,26.24394675,23.42084474,0.993496921,2.214990074,76.9805,80.95721,76.5,79.5,76,79,75.71809946,78.27703801,76.21,79.24,76.35,78.9,50.43499944,57.44032,23.41180911,33.72212516,27.02326324,23.71827057,0.656199395,1.734190281
1887,77.7727,81.41589,75.5,80.5,76,79,76.06504448,78.66273219,76.7,79.66,76.72,79.28,39.59305788,49.63057319,19.14564137,29.80081825,20.44741799,19.82975494,0.533133776,1.647470159,78.30577,80.81982,78.5,80.5,77,79,76.69199105,78.77535085,77.35,79.66,77.32,79.38,52.26981706,56.81642251,26.69296128,34.2670333,25.57686245,22.5493927,0.916254718,2.08944877,78.0075,80.02382,78.5,79.5,77,79,76.9726405,78.8566856,77.52,79.62,77.56,79.42,56.85463919,58.76100138,29.679712,35.38716735,27.1750723,23.37395538,1.030238217,2.311609863,75.0664,78.376,70.5,77.5,73,77,73.661219,76.79766656,73.96,77.49,74.35,77.44,37.42169936,48.80860742,13.8770876,25.34595867,23.54475566,23.4626987,0.280608782,0.984064647,76.76333,82.50645,75.5,82.5,75,80,75.28269184,79.01675549,75.78,80.16,75.97,79.64,33.71022521,51.83954923,15.04781081,31.85727106,18.66242529,19.98227816,0.371959279,1.93599691,79.2922,81.50218,79.5,81.5,78,80,77.4114053,79.283054,78.23,80.42,78.06,79.94,47.52640087,55.35568865,25.75814773,34.54215588,21.7789006,20.82281025,1.064746252,2.26783082,77.99331,80.78452,75.5,80.5,76,79,76.16717624,78.26298426,76.87,79.2,76.82,78.88,37.72969938,44.22629004,18.49804104,25.90490031,19.2316634,18.32139151,0.464293401,1.195459589,81.61667,81.90151,81.5,81.5,78,80,77.52770449,79.19717765,78.31,80.16,78.15,79.79,53.56267598,56.07891267,29.41392617,34.85013621,24.14881405,21.22879001,1.197419381,2.370046836,80.78936,82.82038,80.5,82.5,78,80,77.62282323,79.6088526,78.51,80.67,78.25,80.21,56.13733987,59.99394263,31.18861599,38.63998403,24.94888104,21.35405855,1.153614633,2.302333353,78.42356,81.27543,77.5,79.5,77,79,76.99424439,79.04593881,77.69,79.93,77.61,79.64,56.54046768,59.95223335,29.72215678,36.69006655,26.81833871,23.26218144,0.94289741,2.351269048,76.68774,80.91169,74.5,82.5,75,79,75.62889047,78.47567711,76.08,79.41,76.27,79.08,50.70957258,56.88823158,23.30794602,33.77408538,27.40172294,23.11422161,0.693958513,1.88010415
1888,78.1964,81.86335,79.5,81.5,76,79,76.17357712,78.93474838,76.84,79.99,76.84,79.56,39.96567603,50.55195037,19.53355859,30.95155641,20.4321197,19.60039397,0.559638205,1.806448026,78.35937,81.20818,78.5,81.5,77,79,76.70872012,78.91019504,77.39,79.84,77.35,79.54,52.61772006,57.23757842,26.95615786,34.88880337,25.66157228,22.34877505,0.884789067,2.179446894,78.13486,80.1542,78.5,79.5,77,79,76.97483162,78.98717686,77.59,79.78,77.58,79.59,57.29075399,59.14328991,29.97571083,35.87855361,27.3151592,23.26476663,1.035742096,2.399586701,73.86932,78.80818,73.5,77.5,73,77,73.73261825,77.00507561,73.96,77.72,74.41,77.63,37.84411774,48.66064199,13.87748884,25.67100303,23.96680008,22.98974081,0.286105051,0.954829195,76.52211,82.68632,74.5,82.5,75,80,75.38396869,79.24459984,75.9,80.42,76.08,79.88,34.02176137,52.55810934,15.30207158,32.74018217,18.71970087,19.81792717,0.410976461,2.144897694,80.7015,80.63126,80.5,80.5,79,80,78.72323232,79.97790055,79.86,80.92,79.35,80.59,50.921211,57.45606146,30.8705984,37.25332515,20.059871,20.21014316,1.748809267,3.49180484,78.97079,81.53875,79.5,81.5,76,79,76.34521521,78.66694796,77.1,79.7,77,79.28,38.08639916,45.48546557,19.01599339,27.48683781,19.07041446,17.9986296,0.50830093,1.343809032,79.68931,81.46827,80.5,81.5,78,80,77.51744487,79.39215129,78.33,80.53,78.15,80.02,53.89573923,56.58929265,29.7558612,35.82555352,24.13992872,20.76373913,1.135340724,2.542225318,80.76381,82.40775,80.5,82.5,78,80,77.65637909,79.59426041,78.4,80.7,78.27,80.19,54.84312781,59.64797813,30.33764156,38.20801529,24.50561571,21.44006575,1.187739166,2.346400796,79.07843,81.35736,79.5,81.5,77,79,76.96127345,79.08443905,77.73,80.02,77.58,79.69,57.00806709,60.56916664,30.07960428,37.2912106,26.92852015,23.27795604,0.851551372,2.417009026,76.74104,80.96005,77.5,82.5,76,79,75.74802857,78.69019368,76.22,79.63,76.39,79.3,51.8681858,57.98255414,24.15619162,34.87965281,27.71211449,23.10297721,0.680893245,1.970354636
1889,77.9437,81.91925,78.5,83.5,76,79,76.14040116,78.98895037,76.79,80.03,76.8,79.6,39.41422527,50.72843687,19.21262945,31.18693638,20.20159657,19.54150049,0.562835766,1.842588784,78.36961,81.25115,78.5,80.5,77,79,76.72350427,79.11877421,77.41,80.03,77.37,79.73,52.62715348,57.55844846,27.01201107,35.49092397,25.61514581,22.06752449,0.948368821,2.335784243,77.26293,81.39418,76.5,82.5,77,80,76.97115239,79.21523554,77.6,80.06,77.6,79.83,57.15310489,59.12538195,29.80167505,36.05060611,27.35157447,23.07480632,1.093368776,2.620751906,74.46196,78.11028,72.5,77.5,73,77,73.69501775,77.14211009,73.94,77.75,74.39,77.77,37.91647311,49.12204507,14.09603579,26.07461922,23.820537,23.04755826,0.343924891,1.088423124,77.30459,82.85523,78.5,83.5,75,80,75.47326923,79.36733903,76.01,80.57,76.16,79.99,33.48387458,52.80104134,15.26470335,33.22431807,18.21918011,19.57672327,0.424543556,2.174494148,77.67365,82.76709,77.5,84.5,79,81,78.41472868,80.39383562,79.29,81.17,79.06,80.73,47.03265853,54.07157076,27.81033807,35.83630387,19.2323468,18.2398963,1.640674135,3.518355632,77.9904,81.40304,78.5,78.5,76,79,76.18781248,78.57094228,76.86,79.56,76.84,79.18,37.36483264,45.71907554,18.34370797,27.46669535,19.02113143,18.25238018,0.477092106,1.341330034,80.72574,82.40397,80.5,82.5,78,80,77.50573079,79.51253978,78.3,80.59,78.14,80.12,53.55075573,56.85696542,29.50063553,36.09296531,24.05015824,20.76401362,1.161610596,2.553472703,78.15376,80.82082,78.5,80.5,78,80,77.64453747,79.92638283,78.46,81,78.27,80.53,56.04340993,61.04587828,31.30791527,40.17658049,24.73562684,20.86936785,1.057360485,2.58152469,78.83418,81.64188,78.5,79.5,77,80,77.05132679,79.31253362,77.8,80.28,77.68,79.93,56.88104188,60.47306827,30.18478303,37.77961184,26.69636254,22.69347192,1.044273184,2.638019295,76.55727,81.37454,79.5,83.5,76,79,75.75326661,78.93995003,76.16,79.89,76.37,79.52,52.06497628,58.44556549,24.13885441,35.76375645,27.92624249,22.68183421,0.74543961,2.17779849
1890,78.28884,82.37803,77.5,82.5,76,80,76.23523175,79.23824598,76.91,80.31,76.9,79.86,39.94590553,52.00934183,19.67465036,32.50254579,20.27125517,19.50679604,0.598013927,2.047003872,77.91892,81.71919,77.5,79.5,77,80,76.74039945,79.29909499,77.43,80.22,77.38,79.91,53.09878343,58.39885812,27.30739945,36.35124884,25.79138398,22.04760929,0.913023734,2.502705482,78.33094,82.54235,77.5,83.5,77,80,76.97905759,79.4502682,77.59,80.4,77.59,80.06,58.82087248,60.62995687,30.78172074,37.69129797,28.03926905,22.93872085,1.067603968,2.700859381,75.15993,77.97096,77.5,77.5,74,77,73.84760094,77.27290572,74.16,77.81,74.5,77.91,38.11992986,49.80837951,14.442546,26.54393689,23.67753378,23.26452189,0.249868444,1.294822323,78.82759,82.85918,79.5,84.5,75,80,75.51726703,79.51795554,76.07,80.69,76.2,80.14,34.22235661,54.81048851,15.68386953,34.84981556,18.53849175,19.96067295,0.457085979,2.406220114,76.98173,83.74812,76.5,83.5,78,81,77.76413255,80.25174825,78.49,81.18,78.42,80.88,45.79948219,53.20583776,25.89947326,34.51589199,19.9089367,18.69645697,1.071332917,3.534653557,79.56939,82.1954,77.5,82.5,77,79,76.36300508,78.94114282,77.12,80.02,77.02,79.55,37.42691328,46.45573978,18.72766109,28.64379081,18.69925759,17.81195087,0.540642523,1.526982742,78.45432,81.89439,78.5,81.5,78,80,77.42048039,79.7680445,78.17,80.86,78.04,80.37,54.1563831,57.77382219,29.56822292,37.33609019,24.58819867,20.43774556,1.160970407,2.8315316,80.25897,84.47052,80.5,84.5,78,81,77.41478335,80.06925435,78.21,81.11,78.03,80.66,56.47239905,61.94377854,30.90887456,40.8810965,25.56371641,21.06278378,0.934009659,2.594272998,78.70829,79.94054,77.5,85.5,77,80,77.0449749,79.42532508,77.78,80.35,77.67,80.03,57.14785038,61.15057707,30.27769049,38.31318907,26.8702038,22.83743396,0.98212805,2.76083832,77.34724,81.46652,77.5,79.5,76,79,76.07797149,79.10670019,76.59,80.01,76.69,79.69,51.79467915,58.95614007,24.96207195,36.25112179,26.83275687,22.70504429,0.81568388,2.363862702
1891,77.77961,82.09598,78.5,81.5,76,80,76.12731033,79.23145288,76.73,80.26,76.78,79.85,39.4683715,51.94312774,19.10500328,32.32333887,20.36336897,19.61978887,0.583026054,2.073309325,78.11213,81.46613,77.5,80.5,77,80,76.7076859,79.39654252,77.31,80.3,77.34,80,53.90283728,59.28089137,27.45633409,37.04912216,26.44650649,22.23176921,0.972203398,2.646216783,78.22345,82.29486,75.5,82.5,77,80,76.98935235,79.42379548,77.57,80.37,77.61,80.03,58.74039523,61.48912513,30.47494395,38.13299185,28.26562341,23.35619374,1.204990036,2.811449674,73.39654,77.97867,71.5,77.5,73,77,73.89011736,77.39518661,74.01,77.89,74.54,78.01,38.49439596,50.09980518,14.45161416,26.90605931,24.04294824,23.19384573,0.349516751,1.340554855,76.80839,82.59225,78.5,83.5,75,80,75.49950493,79.61288159,76,80.76,76.18,80.23,33.0410751,53.5614441,15.03472139,34.28798295,18.006365,19.27346115,0.423941959,2.378549805,81.16209,84.15568,82.5,90.5,80,82,79.55855856,81.82510578,80.11,82.37,79.77,81.81,55.21975972,61.59539902,35.07947168,43.53031119,20.14775017,18.07030042,2.73611422,4.517575105,78.77794,81.89622,76.5,83.5,76,79,76.11376422,78.7872107,76.76,79.78,76.77,79.4,36.84628257,46.86503885,17.8556248,28.34384386,18.99066293,18.52119681,0.501007145,1.539495893,79.58024,81.21,79.5,81.5,77,80,77.30012297,79.81204958,77.98,80.74,77.92,80.42,55.44604093,59.04370847,29.7902497,38.06413568,25.65580362,20.97958588,1.214916045,3.016535564,79.84647,81.54687,79.5,81.5,78,80,77.40573343,79.98623239,78.18,81.03,78.02,80.59,57.15844463,62.12596124,31.17695104,40.60975098,25.98168193,21.51627682,0.998208874,2.802274568,79.02217,83.36132,81.5,84.5,77,80,77.13067771,79.70147459,77.85,80.74,77.75,80.31,57.55566099,61.88242082,30.57889444,39.47040782,26.97683834,22.412013,0.996324081,2.895448058,76.6534,81.43745,78.5,84.5,76,80,75.91634749,79.22376126,76.34,80.12,76.55,79.8,53.77893198,60.5896301,25.30495833,37.51900843,28.47409068,23.07069508,0.828592528,2.527524448
1892,77.38232,82.29764,77.5,82.5,76,80,76.14335061,79.36323728,76.73,80.39,76.8,79.98,39.01512383,52.7068673,18.9218316,33.06506625,20.09329224,19.64180106,0.606384149,2.223775907,77.25597,81.97256,77.5,83.5,77,80,76.74180743,79.59849112,77.34,80.53,77.38,80.2,54.89430336,60.25779199,27.97906658,38.0901404,26.91523679,22.16765159,1.042553191,2.880991819,77.41769,82.77725,74.5,81.5,77,80,76.87854739,79.71155202,77.4,80.68,77.49,80.3,59.36954193,62.19418504,30.3990603,39.25903794,28.97057109,22.93524106,1.237548842,3.144473853,74.03784,77.99331,73.5,79.5,74,78,74.08982461,77.66232602,74.24,78.14,74.75,78.27,39.50372239,51.01937892,14.95797189,27.73689192,24.54590334,23.28256769,0.374454939,1.425573114,77.04496,83.02557,77.5,83.5,75,80,75.54647335,79.69948841,76.07,80.87,76.23,80.32,31.77371284,53.95775177,14.56851868,34.59944074,17.20520329,19.35831103,0.424831114,2.514035302,79.9875,83.51076,78.5,82.5,79,82,79.0962406,81.41899441,79.68,81.86,79.37,81.3,57.373089,64.9686499,35.72488525,45.64773562,21.65510577,19.32726596,2.070607723,4.809131906,77.23041,81.70558,77.5,82.5,76,79,76.08252094,78.91801407,76.69,79.88,76.73,79.52,36.46338409,47.86965333,17.63734637,29.30297744,18.82604473,18.56667775,0.523310679,1.661927182,77.08662,83.60458,77.5,83.5,77,80,77.31890107,79.99840641,77.93,80.97,77.94,80.6,56.16432657,59.83408933,30.05669884,38.84734311,26.10766637,20.98674622,1.316331279,3.248743411,78.81806,81.75834,78.5,81.5,78,81,77.4611236,80.07814014,78.15,81.07,78.08,80.67,57.71532274,63.86440482,31.51655441,41.83396904,26.1988656,22.03050452,1.147821587,3.024468639,79.21313,83.05485,81.5,83.5,77,81,77.09400798,79.96108586,77.81,81.06,77.7,80.55,59.189915,62.75352981,31.4104216,40.77873327,27.77952347,21.97482823,1.071970571,3.104398103,77.07724,80.82446,77.5,82.5,76,80,76.08937459,79.29160825,76.6,80.22,76.73,79.9,54.41456242,61.39183013,26.14645042,38.23684336,28.26825331,23.15503595,0.850190739,2.837819826
1893,76.99003,82.12174,76.5,81.5,76,80,76.0966868,79.50005028,76.63,80.51,76.75,80.11,40.03288364,53.71274053,19.19268469,33.87083833,20.84019971,19.84190219,0.636183648,2.392994826,77.70235,82.06339,78.5,82.5,77,80,76.70484241,79.77347802,77.25,80.73,77.34,80.37,55.6709505,61.12302875,28.167161,38.99356448,27.50379284,22.12946427,1.058915702,2.993733555,77.58461,83.38248,80.5,80.5,77,80,76.91271122,79.79002612,77.4,80.79,77.53,80.39,60.10490114,62.88823517,30.83999367,39.8447373,29.26505012,23.04358748,1.275246384,3.270606388,73.3269,78.20391,72.5,78.5,73,78,74.01688066,77.8656,74.1,78.34,74.67,78.47,40.83076217,52.88835283,15.18761713,29.22833214,25.64330472,23.66013352,0.415146901,1.641654472,76.23567,82.53012,76.5,81.5,75,80,75.54669726,79.8849068,75.99,81.04,76.22,80.5,34.12550979,55.20347709,15.46628513,35.69488022,18.65923137,19.50859687,0.486180841,2.769140126,78.31783,83.45836,88.5,84.5,79,82,79.12850812,81.07758621,79.78,81.95,79.62,81.42,55.94625193,63.09605831,34.46768422,43.61243065,21.48600517,19.49088008,1.983323554,4.260797041,77.0144,81.52676,76.5,81.5,76,79,76.01323472,78.98050413,76.59,79.92,76.66,79.59,36.49547306,48.70301573,17.42195086,29.78668972,19.07352911,18.91632601,0.533086929,1.78663124,77.85941,82.02527,77.5,82.5,77,81,77.17274456,80.16759189,77.76,81.1,77.8,80.77,56.47734548,60.55466422,29.83918393,39.71910255,26.63818568,20.83556167,1.268082849,3.287747982,79.35103,82.80035,79.5,82.5,77,81,77.34259061,80.23301221,78.03,81.33,77.96,80.83,58.64481184,64.6774408,31.61459052,42.92618189,27.03031565,21.75129223,1.207356195,3.112087461,78.87616,83.04682,78.5,82.5,77,81,77.12965245,80.04201391,77.82,81.09,77.74,80.62,59.76193626,63.72706761,31.73999595,41.33481393,28.02196977,22.39228501,1.087116316,3.28528802,75.43842,82.55918,75.5,84.5,76,80,76.04188372,79.61265414,76.44,80.62,76.7,80.2,54.82766277,61.19036633,25.77397662,38.71561703,29.05377828,22.47479751,0.866039372,2.798802951
1894,77.15361,82.35191,75.5,83.5,76,80,76.08284293,79.67750327,76.62,80.69,76.74,80.28,39.56596899,54.42946466,18.98150026,34.7257235,20.5844695,19.70374116,0.636774185,2.542003927,77.73921,82.27403,77.5,81.5,77,80,76.63333214,79.90047986,77.18,80.87,77.27,80.5,56.23537134,61.97501353,28.35138102,39.8570686,27.88399368,22.11794493,1.044384632,3.158140407,77.89404,83.28154,79.5,86.5,77,80,76.96494149,79.95142481,77.44,80.94,77.56,80.54,61.42144583,64.2379723,31.76910014,41.07541966,29.65251615,23.16264326,1.281211418,3.368068236,72.63807,78.20942,71.5,77.5,73,78,74.09123581,78.05002262,74.16,78.52,74.79,78.66,40.65722168,53.48334087,15.42477568,29.90512226,25.23259981,23.57827239,0.374272028,1.801510149,75.65203,83.26113,75.5,83.5,75,81,75.60741282,80.01110256,76.07,81.17,76.29,80.63,32.26516081,55.88299915,14.76346546,36.38556404,17.50170451,19.49743511,0.488244975,2.896840939,77.37512,82.84387,77.5,83.5,79,82,78.76393443,81.33231707,79.18,81.87,79.29,81.51,55.50096444,61.59277412,32.57997598,42.44455711,22.92826728,19.15385049,1.819703752,6.102942557,77.48552,81.68099,75.5,83.5,76,80,75.96199815,79.23460961,76.5,80.17,76.61,79.83,36.44261813,49.31800221,17.31444647,30.72550101,19.12817695,18.59250119,0.538312118,1.940124359,77.87125,80.62385,77.5,80.5,77,81,76.97246324,80.3034743,77.54,81.25,77.6,80.9,57.73111151,61.89760783,29.96869516,40.89361752,27.76244121,21.00400337,1.174583942,3.528505536,80.87841,81.44853,80.5,81.5,77,81,77.32174942,80.38773819,77.98,81.42,77.93,80.98,59.32904465,65.33816017,31.88761408,43.54298474,27.44155823,21.79517542,1.235157366,3.43742599,78.64216,83.32361,81.5,81.5,77,81,77.04336912,80.1176442,77.72,81.22,77.66,80.7,59.70173172,64.24518778,31.46230516,42.17089495,28.23947107,22.07432408,1.102455181,3.244753794,77.06133,82.60357,78.5,86.5,76,80,76.07784105,79.79117613,76.54,80.78,76.73,80.39,55.64817825,62.02269128,26.68943204,39.61720935,28.95886271,22.40550618,0.955353533,3.107563168
1895,77.16068,82.9223,74.5,85.5,76,80,76.09407703,79.83013476,76.63,80.89,76.76,80.44,40.45214496,55.47525503,19.42461068,35.67838705,21.02753583,19.79686798,0.659424043,2.685343116,77.5363,83.18023,78.5,85.5,77,80,76.59323195,79.99346583,77.1,81,77.22,80.59,56.17947667,62.18349136,28.13540128,40.08954163,28.04408517,22.09394973,1.036326775,3.184315727,77.59882,83.58238,78.5,85.5,77,80,76.78893992,80.03769301,77.24,81.07,77.39,80.63,62.11750375,65.80005032,31.60266493,42.45035563,30.51495182,23.34975446,1.211897272,3.49618796,72.5027,77.62326,73.5,77.5,73,78,73.97440283,78.0534795,74,78.53,74.67,78.67,40.39399572,52.70559579,15.07612082,29.2996386,25.31801784,23.40600743,0.409776896,1.725869605,74.64859,84.3171,74.5,85.5,75,81,75.62215652,80.14727184,76.07,81.33,76.31,80.76,33.75474598,57.65834829,15.47975979,37.73442111,18.27499558,19.92392718,0.489590576,3.119083599,76.16715,87.24271,76.5,87.5,78,82,77.9593985,81.24415584,78.22,82.62,78.47,81.82,55.36683651,60.62705699,30.22946015,41.81377258,25.14403703,18.8180086,1.998201619,4.01555832,77.21535,82.05018,74.5,82.5,76,80,76.0067736,79.4385554,76.58,80.46,76.68,80.06,36.94218653,50.13069198,17.65940456,31.68625633,19.28278731,18.44443565,0.582389368,2.079010698,76.55543,84.46469,76.5,84.5,77,81,76.97989843,80.42286718,77.46,81.45,77.61,81.02,57.28829967,62.00050435,29.52908799,40.95671863,27.75924804,21.04379853,1.204921072,3.523308975,75.91243,83.81405,74.5,83.5,77,81,77.1688245,80.45052289,77.72,81.57,77.79,81.04,59.73111791,65.9530644,31.40005088,44.26588663,28.33115909,21.6872103,1.298102285,3.484398775,79.02785,83.41659,78.5,85.5,77,81,77.06553835,80.22886539,77.79,81.3,77.69,80.81,60.20897305,64.48663854,31.97130436,42.39130435,28.2377265,22.09533419,1.039257031,3.41068917,76.76367,83.50997,82.5,84.5,76,81,76.17550432,79.94300861,76.56,81.02,76.78,80.53,55.43378937,62.33715866,26.66719004,40.12687591,28.76669061,22.21033135,0.940252006,3.083688237
1896,77.19277,83.09604,73.5,84.5,76,80,76.01068663,79.93012203,76.47,80.97,76.67,80.53,42.11864472,56.35769659,19.98301977,36.38377723,22.1356257,19.97391936,0.712890582,2.868790856,77.55607,83.72863,79.5,84.5,77,81,76.6237032,80.15024555,77.13,81.22,77.26,80.75,57.00507002,63.06150818,28.60876894,41.00937779,28.39630433,22.05213379,1.097285252,3.384189549,77.60439,84.23385,79.5,84.5,77,81,76.76514111,80.1836173,77.22,81.32,77.37,80.76,62.9787899,66.47302659,31.88435519,43.27286582,31.09457421,23.20021885,1.339321215,3.682297847,72.68803,79.03332,73.5,75.5,73,78,74.01292683,78.30712039,73.95,78.92,74.72,78.91,39.24378189,52.62731499,14.77638462,29.97572301,24.46754085,22.65166722,0.437903176,1.793371948,73.4236,84.66062,73.5,84.5,75,81,75.59590347,80.33971121,75.98,81.56,76.28,80.95,35.98602117,58.03675251,16.37606376,38.44413887,19.6099642,19.59261365,0.555930415,3.296687745,84.67227,86.64695,85.5,86.5,80,83,79.03165468,81.57369942,79.93,82.53,79.51,81.67,57.62470151,60.64430189,34.58145397,41.89715007,23.0498806,18.75416272,2.487397188,4.469449995,77.9305,81.60404,73.5,81.5,76,80,75.81808307,79.41177095,76.28,80.31,76.48,80.01,38.76353985,51.31778812,18.08105865,32.18869051,20.68248652,19.12909761,0.624997746,2.242971703,76.36172,84.63718,76.5,84.5,77,81,76.92233642,80.54532268,77.42,81.6,77.55,81.14,58.9876974,63.41253642,30.27122336,42.05831942,28.71651006,21.3542296,1.201723519,3.763575868,78.337,83.37186,78.5,83.5,77,81,77.1657093,80.58297265,77.83,81.73,77.8,81.18,59.90343804,66.21502884,31.74916011,44.64603358,28.15443154,21.5690604,1.225842229,3.715883726,78.76017,83.50618,77.5,84.5,77,81,77.24559771,80.40173954,77.89,81.5,77.84,80.97,60.8316651,65.03491308,32.64101451,43.2740844,28.19070865,21.76085926,1.248275638,3.580436446,75.98461,83.82181,73.5,86.5,76,81,76.10847996,80.06091627,76.5,81.14,76.76,80.64,57.10547271,64.16493647,27.17403381,41.42055614,29.9315717,22.74440346,0.964963418,3.360546902
1897,77.5528,83.91069,77.5,83.5,76,81,75.93420242,80.02902207,76.37,81.09,76.6,80.64,45.28240593,56.51960094,21.31325809,36.73601737,23.96914936,19.78358357,0.779236163,2.989080022,77.03928,84.05631,78.5,84.5,76,81,76.49489409,80.25175822,76.94,81.37,77.13,80.85,57.28090032,63.38979828,28.30200062,41.4686319,28.97890614,21.92116638,1.101388805,3.504018416,76.85159,84.25084,75.5,83.5,76,81,76.60940054,80.17144633,77.03,81.39,77.24,80.78,63.03281482,66.92013492,31.32856478,43.54300612,31.70436142,23.37718821,1.247457748,3.624370266,72.36603,79.19092,74.5,77.5,73,79,74.07782541,78.55182668,74.11,79.2,74.8,79.15,39.68613124,52.95967755,15.03897365,30.7144632,24.64727574,22.24526435,0.432449805,1.952303793,77.87365,84.62253,77.5,83.5,75,81,75.59994183,80.44549134,75.97,81.67,76.28,81.06,42.3634501,57.65334613,19.30801832,38.44055424,23.05543863,19.21279189,0.708689036,3.442966145,86.41283,84.00532,86.5,83.5,79,82,78.55539359,81.4491018,79.54,82.62,79.17,81.74,55.40792673,58.49079733,32.15355911,40.02066441,23.26163688,18.47538658,2.180778457,4.465614766,77.67905,81.61156,72.5,80.5,76,80,75.77136665,79.51488167,76.21,80.42,76.43,80.12,40.95566886,51.84742985,19.02926317,32.79092232,21.92641275,19.05650753,0.657185316,2.348641543,76.94191,85.49411,76.5,85.5,77,81,76.72097805,80.68507636,77.12,81.82,77.35,81.28,58.56232927,63.66798097,29.33246838,42.63887695,29.22989667,21.02911654,1.185124706,3.839174623,79.02573,82.75134,78.5,82.5,77,81,77.07105263,80.5455766,77.66,81.74,77.69,81.14,60.83478372,66.78297247,31.73455253,44.73232693,29.10041243,22.05070959,1.392494305,3.954781635,78.38353,83.66946,76.5,84.5,77,81,77.04442768,80.50198188,77.67,81.65,77.66,81.08,61.89839153,65.71669166,32.51256586,43.97552804,29.38589865,21.74121014,1.183785208,3.684004799,76.51568,84.22844,72.5,85.5,76,81,76.1388288,80.18717412,76.5,81.32,76.76,80.78,57.26294469,63.97755056,27.42651429,41.58443208,29.83653906,22.39316387,1.08445138,3.601332697
1898,76.99213,83.81025,76.5,84.5,76,81,76.03064861,80.24568724,76.48,81.35,76.68,80.84,46.6748424,56.7545613,22.15750604,37.3104858,24.5173379,19.44407549,0.809822188,3.169179485,77.31355,84.0959,77.5,84.5,77,81,76.58678406,80.42786381,77.12,81.58,77.23,81.02,56.97811764,63.49968381,28.52785949,42.01097231,28.45026443,21.4887115,1.071793113,3.605897369,77.45876,84.69938,77.5,85.5,77,81,76.7540384,80.28209388,77.23,81.5,77.35,80.87,62.57860813,67.14326814,31.69130902,43.91858385,30.8874081,23.22474148,1.228848011,3.694910233,73.29571,81.09864,71.5,81.5,74,79,74.30307709,78.6411215,74.35,79.33,74.99,79.23,39.62842722,53.07779698,15.56177349,30.83620429,24.06682855,22.24168498,0.434876862,1.958837194,76.93019,84.45183,71.5,83.5,75,81,75.64455183,80.65951229,76,81.94,76.32,81.27,43.12803379,57.38987537,19.70253887,38.65038853,23.42550188,18.73948684,0.719326014,3.673971952,80.73467,85.18269,81.5,89.5,79,83,78.58371041,81.59796807,78.81,82.2,78.57,81.4,56.9049867,61.45914171,33.396275,42.82248209,23.51729465,18.64290365,1.630761308,5.173628765,77.17408,82.26669,76.5,79.5,76,80,75.90873401,79.75721339,76.35,80.69,76.55,80.34,43.49201494,52.33375695,20.39477468,33.51796773,23.09724571,18.81578922,0.728443063,2.514962692,77.51619,87.27457,77.5,87.5,77,82,76.79379333,80.89371447,77.3,82.1,77.42,81.49,58.83950426,63.93457106,29.91236332,43.40472795,28.92717672,20.52984312,1.103225796,4.011056278,79.98396,81.98597,79.5,81.5,77,81,77.01223018,80.76079532,77.67,81.89,77.64,81.35,60.49868747,66.79683325,31.53917469,45.40315912,28.95966017,21.39373663,1.403175717,3.993747504,78.64227,83.73401,79.5,82.5,77,81,77.2071774,80.68685062,77.85,81.84,77.8,81.27,61.40104748,65.9292303,32.74710693,44.60910328,28.65401158,21.32012702,1.164970474,3.795554211,77.18173,84.20169,76.5,84.5,76,81,76.2300275,80.48273483,76.66,81.73,76.88,81.07,57.01977447,64.08813738,27.59611899,42.58397958,29.42374139,21.50420202,1.123256697,3.80916419
1899,76.76796,84.03737,75.5,83.5,76,81,75.94529161,80.35740124,76.39,81.51,76.61,80.96,48.85419885,57.25052713,22.99240363,37.80587168,25.86179674,19.44465545,0.84909647,3.326438236,77.50413,84.6055,76.5,86.5,76,81,76.54326026,80.57602161,77.03,81.8,77.18,81.17,57.30385681,63.91738964,28.54079989,42.67090547,28.7630632,21.24648417,1.07153375,3.668343699,77.31207,84.37593,76.5,81.5,76,81,76.51157115,80.59045172,76.95,81.82,77.12,81.15,62.77863234,67.1120304,31.1336598,45.00865229,31.6451367,22.10343557,1.124515925,3.83333113,71.59514,82.25122,70.5,82.5,74,79,74.35283092,78.82395684,74.26,79.68,75.03,79.41,40.02245264,53.39787329,15.65476062,31.7093639,24.36782441,21.68860232,0.525130588,2.012033166,75.7535,84.79283,75.5,84.5,75,82,75.59793304,80.80227945,75.94,82.11,76.28,81.41,46.88113311,58.24343191,21.27418587,39.3513208,25.60695183,18.8921111,0.787839089,3.965401222,79.42059,83.92162,85.5,83.5,79,83,78.44832827,81.72816901,78.48,83.26,78.46,82.11,58.12258743,64.24816078,33.1325248,45.70577962,24.99801253,18.5505253,2.826630392,4.524518365,77.1035,82.51229,78.5,83.5,76,80,75.79450058,79.81834203,76.23,80.78,76.45,80.42,45.56593818,52.65994269,21.16304621,33.80936842,24.40289914,18.85057428,0.769809238,2.628347446,76.60663,85.40289,76.5,86.5,77,82,76.73749724,80.95063308,77.19,82.25,77.37,81.54,58.67221263,63.99270399,29.55312376,43.41621997,29.11912415,20.57648402,1.147829773,4.005360334,77.78211,85.39854,77.5,86.5,77,81,76.93049371,80.74995412,77.55,81.9,77.56,81.32,60.85948558,68.07206094,31.50803973,45.99458259,29.35159314,22.07750958,1.075203884,3.91017711,78.785,84.56438,80.5,85.5,77,82,77.16180789,80.91180414,77.85,82.12,77.79,81.48,61.95185077,66.375117,33.02872351,45.57381577,28.92318547,20.80130123,1.202100795,3.905231015,77.72883,84.36388,79.5,83.5,76,81,76.37082677,80.62448652,76.82,81.95,77,81.21,57.81741535,64.8299305,28.30400246,43.35419057,29.51347502,21.47573993,1.174325638,3.975144521
1900,77.48372,83.72685,77.5,82.5,76,81,76.16196248,80.70817826,76.67,81.94,76.82,81.31,50.47182657,58.27505922,24.37559883,39.41311418,26.09622851,18.86194505,0.963308531,3.646892639,77.65514,84.91579,80.5,85.5,76,82,76.54059387,80.78792608,77.03,82.09,77.18,81.38,58.2583947,64.798739,28.98903655,43.85411262,29.26936128,20.94462638,1.083725602,3.869247266,77.20751,84.18806,79.5,83.5,76,81,76.59398496,80.52635952,77,81.79,77.21,81.1,64.27193614,68.60172298,31.91607689,45.77069566,32.35599423,22.83114132,1.247264859,3.972863688,72.34497,82.49092,68.5,82.5,74,80,74.3699532,79.15092511,74.36,80.09,75.06,79.73,41.35459824,54.16881532,16.07343288,33.02157231,25.28125537,21.1473146,0.492798836,2.159593739,74.91022,84.2832,74.5,85.5,75,82,75.75264675,81.04479134,76.08,82.34,76.42,81.65,48.79072054,59.65449398,22.48018618,40.8520879,26.31053907,18.80240608,0.923246963,4.325203491,80.14191,86.58205,79.5,87.5,78,84,78.23556942,82.46270718,78.59,83.68,78.59,82.54,57.74410623,64.23735882,32.43669318,47.1195223,25.31371895,17.12404731,2.9727855,6.388245628,77.99204,82.9229,77.5,82.5,76,81,76.21771383,80.34403058,76.86,81.46,76.89,80.94,47.23834643,53.39255357,23.15761077,35.67518968,24.08074113,17.71736389,0.923865878,2.976798988,78.35746,85.34004,78.5,85.5,77,82,76.72247422,81.10479981,77.26,82.49,77.35,81.69,58.8552749,64.59545453,29.80775516,44.30570335,29.04754368,20.28977651,1.121725537,4.045290023,78.86215,84.35324,78.5,83.5,77,82,76.90318805,81.10175153,77.48,82.37,77.52,81.69,62.6825956,68.90197891,32.39928118,47.90671981,30.28343179,20.99532131,1.103349841,4.059095453,78.62542,85.23811,78.5,85.5,77,82,77.15866604,81.07322453,77.8,82.38,77.77,81.66,62.90353182,67.3749807,33.3512524,46.58890756,29.5523359,20.786088,1.246523005,4.316813386,77.47745,84.61791,80.5,84.5,76,82,76.30337879,80.98824467,76.74,82.34,76.96,81.58,58.23908818,65.33880102,28.3265453,44.60283365,29.91266729,20.73596737,1.136291534,4.263490204
1901,76.684,83.82713,76.5,84.5,76,82,76.20466487,80.88620243,76.71,82.16,76.87,81.49,51.73672777,59.270742,24.99931355,40.33604008,26.73741499,18.93470192,0.985807539,3.951751793,78.01313,85.10797,78.5,84.5,76,82,76.57540141,80.93328676,77.09,82.27,77.22,81.52,59.53553825,66.02617862,29.72789123,45.06941398,29.8076501,20.95676464,1.120962017,4.109681831,79.13832,84.8051,79.5,83.5,77,82,76.59524797,80.80666828,77.16,82.15,77.23,81.4,64.5571467,69.31500693,32.46877012,47.00457361,32.08851043,22.31048908,1.185885553,4.173285287,71.91052,83.1119,70.5,83.5,74,80,74.31562387,79.24324212,74.34,80.26,75.07,79.84,42.61811099,55.64074926,16.65869789,34.14141311,25.95952302,21.49940568,0.536381033,2.370797888,74.23531,83.71818,73.5,84.5,76,82,75.80971144,81.24246871,76.16,82.58,76.49,81.85,50.06852185,60.75394057,23.21320558,41.98370561,26.85532082,18.77023496,0.951837608,4.635741229,79.59339,85.85108,86.5,88.5,79,83,78.42857143,82.04633782,78.43,83.37,78.45,82.6,56.61819604,63.34807352,32.53813062,45.6475423,24.08717602,17.70715956,2.755359619,5.397369493,77.30839,83.33514,76.5,82.5,76,81,76.26138939,80.52089825,76.86,81.67,76.94,81.12,48.41375431,53.97320959,23.61048843,36.12267063,24.80326955,17.85053896,0.931765467,3.292549526,77.8292,84.23573,77.5,84.5,76,82,76.61164582,81.28066825,77.08,82.75,77.25,81.87,60.32960667,65.77875351,30.11556887,45.59214538,30.21406098,20.18660812,1.116120324,4.335894621,77.79377,85.60463,77.5,87.5,77,82,76.9994096,81.16432541,77.5,82.43,77.6,81.71,63.57619948,69.9384385,32.87526748,48.53551952,30.70101862,21.4029802,1.218454797,4.361396651,78.54908,85.29945,79.5,84.5,77,82,77.23639393,81.26068846,77.88,82.56,77.85,81.83,64.38221785,68.5499775,34.31651207,47.88367201,30.06574758,20.66633507,1.290124294,4.411698131,78.06194,84.66104,81.5,84.5,77,82,76.59061014,81.05107644,77.09,82.41,77.23,81.63,60.11429197,67.18370519,30.07853645,46.22578504,30.0358569,20.95796208,1.269234941,4.617962638
1902,76.04059,83.60229,75.5,83.5,76,82,76.18543758,80.92691769,76.65,82.19,76.86,81.53,52.48884611,59.92846589,25.26001768,40.83469213,27.22882843,19.09377376,1.040752323,4.100460158,77.06763,86.16928,76.5,87.5,77,82,76.63541429,81.0858006,77.18,82.5,77.28,81.68,60.85472457,67.40926835,30.55979526,46.47598194,30.29492931,20.93328641,1.198217782,4.257821919,77.78478,84.84554,76.5,83.5,77,82,76.58954054,80.90966637,77.1,82.24,77.23,81.49,66.4821973,70.90670988,33.25055907,48.51514552,33.23174512,22.39159259,1.301476468,4.364271577,71.97561,83.6616,69.5,82.5,74,80,74.40473264,79.49430496,74.44,80.77,75.11,80.09,43.57835332,56.89683759,17.3341583,35.66939286,26.24432894,21.22751569,0.544617814,2.410121279,78.30615,83.47129,78.5,83.5,76,82,75.94393438,81.3610807,76.35,82.69,76.63,81.97,51.02415949,61.41634353,24.02165155,42.73328611,27.00251255,18.68305742,1.047642239,4.855280376,81.66406,86.64718,84.5,86.5,79,83,78.50539291,81.97774481,79.08,83.27,78.89,82.05,57.68376144,61.6617569,33.33925873,44.10187913,24.35339081,17.56536695,2.399786686,5.031745741,76.82079,83.12303,75.5,83.5,76,81,76.05646477,80.42951064,76.49,81.49,76.73,81.02,48.79146031,54.4415255,23.15737135,36.08847672,25.63409074,18.35304877,0.944504764,3.41799117,76.48204,86.67342,76.5,87.5,77,82,76.60753786,81.3251283,77.12,82.82,77.25,81.91,61.95446517,67.93853077,30.99333973,47.43159079,30.96113693,20.50695222,1.157737278,4.367345905,78.43629,85.3943,82.5,86.5,77,82,77.09793838,81.30432882,77.68,82.67,77.71,81.87,64.78538581,70.8466061,33.95204882,49.6391222,30.83348312,21.20751488,1.370701761,4.659085946,78.66038,86.01592,78.5,86.5,77,82,77.34098262,81.4568771,77.98,82.81,77.95,82.04,65.95352386,70.05651402,35.39354052,49.38639786,30.56001179,20.67011616,1.398272742,4.698567019,77.8729,87.52269,79.5,87.5,77,82,76.70523287,81.29025631,77.16,82.73,77.32,81.89,60.42004139,67.30120079,30.46883955,46.72865669,29.95126249,20.57258665,1.352415942,4.734757845
1903,77.77614,84.64886,77.5,82.5,76,82,76.33427805,81.15399606,76.82,82.43,76.99,81.75,53.35962365,60.89404561,26.08920037,42.08167167,27.27042484,18.81237394,1.101899292,4.369050044,78.29161,85.78492,79.5,86.5,77,82,76.65367486,81.20394746,77.21,82.64,77.3,81.79,61.26804034,67.77253059,30.86840899,47.05826135,30.39963761,20.71426924,1.225110465,4.42752016,77.42799,85.7634,77.5,85.5,76,82,76.51211129,81.01905066,76.97,82.39,77.14,81.6,66.69624471,71.12566261,33.09607965,48.75414576,33.60029992,22.37151685,1.275721774,4.535533067,72.0652,83.25226,75.5,81.5,74,80,74.50358081,79.59657425,74.53,80.79,75.21,80.18,44.35019954,57.73488618,17.74339311,36.56367896,26.60692068,21.1712314,0.584968369,2.538806872,77.54523,85.37825,77.5,86.5,76,82,76.09745315,81.5797772,76.53,82.9,76.78,82.17,51.2804657,61.75502536,24.49704247,43.40890585,26.78342795,18.34611951,1.100775982,5.166874319,82.73874,86.18801,82.5,85.5,80,84,79.00139276,82.19448476,79.63,83.41,79.16,82.43,60.6895619,64.99570783,37.11276594,47.55063345,23.58271277,17.45167772,2.28219801,5.282670012,77.57483,83.37191,74.5,82.5,76,81,76.29298247,80.74031187,76.77,81.86,76.95,81.33,50.28882459,56.07947355,24.49861704,38.03148378,25.79021315,18.04798976,1.028725853,3.69153555,79.68059,86.27184,80.5,86.5,76,82,76.57073171,81.48220771,77.1,82.99,77.21,82.05,61.70245443,67.56805764,30.82550022,47.69716165,30.87697711,19.87089599,1.184494859,4.475122093,78.21754,85.73566,79.5,85.5,77,82,77.15419625,81.45314364,77.67,82.9,77.75,82.02,65.22000472,71.21097995,34.20117219,50.4137744,31.01898094,20.79726848,1.398080385,4.537013789,78.90648,85.68516,79.5,85.5,77,82,77.33595692,81.5278808,77.99,82.92,77.95,82.1,66.82593422,71.06561648,35.95107338,50.14404364,30.87490455,20.92157283,1.493406501,5.147261638,78.6676,86.30999,77.5,86.5,77,82,76.84920145,81.40200746,77.44,82.88,77.48,81.99,60.99331431,67.59153092,31.43530367,47.32540069,29.55807336,20.26615198,1.308582314,4.844741053
1904,78.47652,85.50237,78.5,85.5,76,82,76.34549579,81.27103419,76.82,82.58,77.01,81.87,53.48978408,61.22224079,26.09215017,42.50361081,27.39763545,18.71862998,1.137827228,4.463755901,78.30511,85.9174,78.5,85.5,77,82,76.69562213,81.34049617,77.25,82.82,77.34,81.93,61.54379141,68.44497109,31.08700297,47.93381166,30.4567946,20.51115944,1.218801832,4.551669358,77.44935,85.07309,78.5,85.5,76,82,76.52030296,80.96529809,77.01,82.35,77.15,81.56,66.56103685,71.62565979,33.14862632,49.11050912,33.41248971,22.51515067,1.261645476,4.739296786,72.23267,84.14652,69.5,85.5,74,80,74.52883906,79.69327368,74.57,80.96,75.22,80.3,43.88264645,58.0257051,17.72192596,37.01699327,26.16084996,21.00875737,0.621438864,2.620971139,78.70283,86.15107,78.5,85.5,76,83,76.2031048,81.73271368,76.64,83.14,76.89,82.34,51.41458406,62.20126627,24.74252455,44.0258209,26.67206428,18.17544538,1.192120751,5.271684204,84.74778,86.14161,84.5,88.5,79,83,78.94039735,82.38722826,79.87,83.35,79.27,82.44,61.62862833,68.01778074,37.3918438,49.63357269,24.24331472,18.39067713,2.85695628,6.007005092,78.02736,83.71415,78.5,85.5,76,81,76.20580152,80.8316558,76.63,81.94,76.87,81.43,50.36614487,56.26952862,24.20172407,38.17880023,26.16442438,18.09072839,1.050026859,3.794782009,78.71681,86.73677,78.5,85.5,77,83,76.61822303,81.59636281,77.14,83.16,77.26,82.18,62.72745812,68.49751101,31.42859483,48.65259429,31.29889742,19.84491671,1.168106972,4.579504116,78.37059,85.66586,77.5,85.5,77,83,77.11834786,81.64127786,77.76,83.1,77.73,82.21,65.36959792,72.48517954,34.40615999,52.06837611,30.96358945,20.41686767,1.342422208,4.846476846,78.83923,85.8674,78.5,84.5,77,83,77.40599026,81.7260814,78.05,83.18,78.02,82.3,67.53030272,71.87380351,36.33263214,51.31173903,31.19775671,20.56206448,1.469953659,5.274523317,78.75047,86.5641,81.5,85.5,77,83,76.98188259,81.69884694,77.54,83.27,77.59,82.29,61.14865395,68.23227642,31.67194944,48.50085142,29.47678703,19.731425,1.361609703,4.936089496
1905,77.5755,85.38458,77.5,84.5,,,,,,,,,,,,,,,,,78.16364,85.9316,79.5,84.5,,,,,,,,,,,,,,,,,77.06604,85.87746,77.5,84.5,,,,,,,,,,,,,,,,,72.52934,83.93054,73.5,84.5,,,,,,,,,,,,,,,,,78.50699,86.05661,79.5,84.5,,,,,,,,,,,,,,,,,81.06283,85.04456,78.5,86.5,,,,,,,,,,,,,,,,,77.10606,84.08026,77.5,84.5,,,,,,,,,,,,,,,,,77.52122,86.59192,77.5,88.5,,,,,,,,,,,,,,,,,79.1113,85.76078,78.5,84.5,,,,,,,,,,,,,,,,,79.11598,85.7499,79.5,84.5,,,,,,,,,,,,,,,,,79.23337,86.6221,79.5,84.5,,,,,,,,,,,,,,,,
1906,77.35584,85.96609,79.5,85.5,,,,,,,,,,,,,,,,,78.17684,86.12041,79.5,87.5,,,,,,,,,,,,,,,,,76.98216,86.13048,77.5,86.5,,,,,,,,,,,,,,,,,73.15921,84.06229,73.5,83.5,,,,,,,,,,,,,,,,,77.45701,87.04575,79.5,87.5,,,,,,,,,,,,,,,,,80.63488,86.95506,81.5,91.5,,,,,,,,,,,,,,,,,76.76414,84.92243,76.5,85.5,,,,,,,,,,,,,,,,,77.22599,86.4894,77.5,87.5,,,,,,,,,,,,,,,,,79.37683,85.7089,78.5,87.5,,,,,,,,,,,,,,,,,79.44119,86.41977,79.5,87.5,,,,,,,,,,,,,,,,,79.30316,86.55617,79.5,85.5,,,,,,,,,,,,,,,,
1907,77.47254,86.32022,77.5,86.5,,,,,,,,,,,,,,,,,78.36185,86.31429,78.5,86.5,,,,,,,,,,,,,,,,,77.31412,85.9499,76.5,85.5,,,,,,,,,,,,,,,,,72.78656,83.73649,77.5,83.5,,,,,,,,,,,,,,,,,77.79865,87.4514,78.5,86.5,,,,,,,,,,,,,,,,,79.9516,88.6361,79.5,88.5,,,,,,,,,,,,,,,,,76.82617,85.26989,75.5,84.5,,,,,,,,,,,,,,,,,77.82603,86.77994,78.5,88.5,,,,,,,,,,,,,,,,,79.40221,86.19747,80.5,87.5,,,,,,,,,,,,,,,,,79.24645,86.06606,79.5,84.5,,,,,,,,,,,,,,,,,80.26611,87.57188,82.5,87.5,,,,,,,,,,,,,,,,
1908,77.42883,86.69276,77.5,87.5,,,,,,,,,,,,,,,,,78.46282,86.28335,77.5,87.5,,,,,,,,,,,,,,,,,77.05255,85.3749,75.5,85.5,,,,,,,,,,,,,,,,,73.75216,84.14597,76.5,85.5,,,,,,,,,,,,,,,,,77.05618,87.84177,76.5,88.5,,,,,,,,,,,,,,,,,82.44954,86.7539,82.5,87.5,,,,,,,,,,,,,,,,,76.70483,85.68085,77.5,85.5,,,,,,,,,,,,,,,,,77.79076,86.63249,77.5,85.5,,,,,,,,,,,,,,,,,79.37228,86.10506,77.5,87.5,,,,,,,,,,,,,,,,,79.30955,86.59253,79.5,87.5,,,,,,,,,,,,,,,,,80.49087,87.6696,80.5,86.5,,,,,,,,,,,,,,,,
1909,77.73879,87.11728,76.5,87.5,,,,,,,,,,,,,,,,,79.12568,86.32746,79.5,86.5,,,,,,,,,,,,,,,,,77.55969,85.14816,76.5,84.5,,,,,,,,,,,,,,,,,75.73038,84.5047,75.5,84.5,,,,,,,,,,,,,,,,,76.81554,88.13672,76.5,87.5,,,,,,,,,,,,,,,,,80.40154,85.91764,72.5,85.5,,,,,,,,,,,,,,,,,77.35312,86.47767,76.5,87.5,,,,,,,,,,,,,,,,,78.30451,86.41174,79.5,85.5,,,,,,,,,,,,,,,,,79.72483,86.44533,81.5,84.5,,,,,,,,,,,,,,,,,80.6036,86.88632,81.5,86.5,,,,,,,,,,,,,,,,,80.01937,87.69093,81.5,87.5,,,,,,,,,,,,,,,,
1910,78.74604,87.32377,79.5,88.5,,,,,,,,,,,,,,,,,78.73215,86.65099,79.5,85.5,,,,,,,,,,,,,,,,,78.22382,85.30602,79.5,83.5,,,,,,,,,,,,,,,,,74.51621,84.78222,74.5,85.5,,,,,,,,,,,,,,,,,79.97185,88.25478,79.5,88.5,,,,,,,,,,,,,,,,,77.26151,85.07147,75.5,83.5,,,,,,,,,,,,,,,,,77.80822,86.8694,75.5,88.5,,,,,,,,,,,,,,,,,77.96108,86.92726,79.5,85.5,,,,,,,,,,,,,,,,,78.92799,86.49768,78.5,87.5,,,,,,,,,,,,,,,,,80.27768,86.85411,79.5,88.5,,,,,,,,,,,,,,,,,81.14942,88.45923,81.5,89.5,,,,,,,,,,,,,,,,
1911,79.49471,87.40266,80.5,87.5,,,,,,,,,,,,,,,,,79.10746,87.06816,77.5,87.5,,,,,,,,,,,,,,,,,78.41592,85.08359,78.5,84.5,,,,,,,,,,,,,,,,,75.43808,84.54714,78.5,84.5,,,,,,,,,,,,,,,,,81.51484,88.15634,82.5,88.5,,,,,,,,,,,,,,,,,82.58867,87.5912,82.5,87.5,,,,,,,,,,,,,,,,,78.56821,87.10438,80.5,87.5,,,,,,,,,,,,,,,,,78.63148,86.96206,78.5,87.5,,,,,,,,,,,,,,,,,79.35415,87.19292,77.5,88.5,,,,,,,,,,,,,,,,,80.07808,88.13737,77.5,88.5,,,,,,,,,,,,,,,,,80.95637,87.76561,80.5,87.5,,,,,,,,,,,,,,,,
1912,80.49463,87.40882,81.5,86.5,,,,,,,,,,,,,,,,,79.49468,86.95958,81.5,86.5,,,,,,,,,,,,,,,,,77.90552,83.98552,78.5,83.5,,,,,,,,,,,,,,,,,75.74801,84.87253,74.5,86.5,,,,,,,,,,,,,,,,,82.43417,88.24063,81.5,87.5,,,,,,,,,,,,,,,,,78.62173,85.83983,75.5,86.5,,,,,,,,,,,,,,,,,80.14384,87.07769,80.5,86.5,,,,,,,,,,,,,,,,,79.70412,86.80318,81.5,86.5,,,,,,,,,,,,,,,,,79.37975,86.79651,79.5,86.5,,,,,,,,,,,,,,,,,80.63469,87.78672,80.5,87.5,,,,,,,,,,,,,,,,,80.60517,88.13943,77.5,87.5,,,,,,,,,,,,,,,,
1913,80.72425,87.70728,80.5,86.5,,,,,,,,,,,,,,,,,79.87083,87.18477,80.5,87.5,,,,,,,,,,,,,,,,,78.862,85.64115,77.5,87.5,,,,,,,,,,,,,,,,,75.849,85.217,73.5,84.5,,,,,,,,,,,,,,,,,82.70041,88.48966,83.5,88.5,,,,,,,,,,,,,,,,,83.08438,87.09063,83.5,89.5,,,,,,,,,,,,,,,,,80.14234,85.89313,80.5,85.5,,,,,,,,,,,,,,,,,79.59143,86.91227,82.5,87.5,,,,,,,,,,,,,,,,,79.03289,86.95436,80.5,87.5,,,,,,,,,,,,,,,,,80.92588,87.38149,80.5,86.5,,,,,,,,,,,,,,,,,81.11194,88.15906,80.5,86.5,,,,,,,,,,,,,,,,
1914,81.14995,87.71798,81.5,88.5,,,,,,,,,,,,,,,,,79.57988,87.19616,81.5,87.5,,,,,,,,,,,,,,,,,78.71185,85.54143,77.5,81.5,,,,,,,,,,,,,,,,,77.28633,85.54069,77.5,88.5,,,,,,,,,,,,,,,,,83.08101,88.26843,82.5,88.5,,,,,,,,,,,,,,,,,80.54294,85.89467,80.5,84.5,,,,,,,,,,,,,,,,,80.92033,87.66728,79.5,88.5,,,,,,,,,,,,,,,,,79.14174,86.85225,79.5,86.5,,,,,,,,,,,,,,,,,79.71637,86.80619,81.5,85.5,,,,,,,,,,,,,,,,,80.68791,87.63567,81.5,88.5,,,,,,,,,,,,,,,,,82.13299,88.38252,83.5,89.5,,,,,,,,,,,,,,,,
1915,81.35489,87.56867,81.5,87.5,,,,,,,,,,,,,,,,,79.86959,86.9819,78.5,86.5,,,,,,,,,,,,,,,,,78.87501,86.1075,78.5,86.5,,,,,,,,,,,,,,,,,77.00975,85.53393,76.5,86.5,,,,,,,,,,,,,,,,,82.74467,88.3367,83.5,88.5,,,,,,,,,,,,,,,,,82.02397,86.68846,83.5,83.5,,,,,,,,,,,,,,,,,81.60874,87.74826,81.5,87.5,,,,,,,,,,,,,,,,,78.86713,86.87781,78.5,87.5,,,,,,,,,,,,,,,,,81.36727,86.67594,81.5,86.5,,,,,,,,,,,,,,,,,80.94042,87.37241,78.5,86.5,,,,,,,,,,,,,,,,,82.11632,88.1407,81.5,88.5,,,,,,,,,,,,,,,,
1916,80.90804,87.47365,82.5,87.5,,,,,,,,,,,,,,,,,79.96936,86.84327,79.5,86.5,,,,,,,,,,,,,,,,,77.89865,85.70177,79.5,87.5,,,,,,,,,,,,,,,,,76.57171,85.67846,76.5,86.5,,,,,,,,,,,,,,,,,82.04596,88.25492,82.5,87.5,,,,,,,,,,,,,,,,,81.16101,87.34617,78.5,83.5,,,,,,,,,,,,,,,,,81.21228,87.80433,82.5,87.5,,,,,,,,,,,,,,,,,79.18399,86.35333,79.5,86.5,,,,,,,,,,,,,,,,,81.07307,86.54375,79.5,86.5,,,,,,,,,,,,,,,,,81.8542,87.63702,82.5,86.5,,,,,,,,,,,,,,,,,81.59786,88.06944,82.5,86.5,,,,,,,,,,,,,,,,
1917,81.0962,87.83059,81.5,86.5,,,,,,,,,,,,,,,,,79.97072,86.96847,78.5,86.5,,,,,,,,,,,,,,,,,77.91034,84.68501,78.5,84.5,,,,,,,,,,,,,,,,,76.84658,86.14402,75.5,86.5,,,,,,,,,,,,,,,,,82.83973,89.05406,81.5,90.5,,,,,,,,,,,,,,,,,81.42851,86.72484,78.5,81.5,,,,,,,,,,,,,,,,,81.10651,90.44698,81.5,90.5,,,,,,,,,,,,,,,,,79.45177,86.08917,78.5,86.5,,,,,,,,,,,,,,,,,80.36546,87.36907,76.5,86.5,,,,,,,,,,,,,,,,,82.20834,87.78158,84.5,88.5,,,,,,,,,,,,,,,,,81.97698,88.55663,82.5,89.5,,,,,,,,,,,,,,,,
1918,80.92164,88.48596,80.5,89.5,,,,,,,,,,,,,,,,,79.92707,87.15578,77.5,88.5,,,,,,,,,,,,,,,,,77.6028,86.40029,77.5,88.5,,,,,,,,,,,,,,,,,77.6785,85.66891,77.5,83.5,,,,,,,,,,,,,,,,,82.48925,89.41429,83.5,89.5,,,,,,,,,,,,,,,,,80.81197,87.55767,78.5,89.5,,,,,,,,,,,,,,,,,81.01091,89.58135,80.5,89.5,,,,,,,,,,,,,,,,,78.8489,86.00311,77.5,84.5,,,,,,,,,,,,,,,,,80.69496,87.8168,81.5,88.5,,,,,,,,,,,,,,,,,82.37889,88.03262,81.5,88.5,,,,,,,,,,,,,,,,,82.50854,88.16982,81.5,90.5,,,,,,,,,,,,,,,,
1919,81.60727,88.95929,82.5,89.5,,,,,,,,,,,,,,,,,80.52111,87.80761,80.5,87.5,,,,,,,,,,,,,,,,,77.31623,85.75521,76.5,84.5,,,,,,,,,,,,,,,,,77.42725,86.30927,78.5,83.5,,,,,,,,,,,,,,,,,82.93411,89.84871,82.5,89.5,,,,,,,,,,,,,,,,,83.50123,87.77181,78.5,88.5,,,,,,,,,,,,,,,,,81.38809,89.06606,82.5,89.5,,,,,,,,,,,,,,,,,79.02599,86.60777,77.5,86.5,,,,,,,,,,,,,,,,,80.40059,87.36132,83.5,87.5,,,,,,,,,,,,,,,,,82.59965,88.73733,83.5,89.5,,,,,,,,,,,,,,,,,83.27246,88.97098,83.5,90.5,,,,,,,,,,,,,,,,